<?xml version="1.0" encoding="utf-8" standalone="yes" ?>
<rss version="2.0" xmlns:atom="http://www.w3.org/2005/Atom">
  <channel>
    <title>Content tagged as &#39;Academic&#39; on Sheel Bedi</title>
    <link>http://www.sheelbedi.com/tags/academic/</link>
    <description>Recent content in Content tagged as &#39;Academic&#39; on Sheel Bedi</description>
    <generator>Hugo -- gohugo.io</generator>
    <language>en-us</language>
    <copyright>&amp;copy; 2016 Sheel Bedi</copyright>
    <lastBuildDate>Sun, 01 Jan 2017 00:00:00 +0000</lastBuildDate>
    <atom:link href="/tags/academic/" rel="self" type="application/rss+xml" />
    
  </channel>
</rss>
