<?xml version="1.0" encoding="utf-8" standalone="yes" ?>
<rss version="2.0" xmlns:atom="http://www.w3.org/2005/Atom">
  <channel>
    <title>Publication_types on Sheel Bedi</title>
    <link>http://www.sheelbedi.com/publication_types/</link>
    <description>Recent content in Publication_types on Sheel Bedi</description>
    <generator>Hugo -- gohugo.io</generator>
    <language>en-us</language>
    <copyright>&amp;copy; 2016 Sheel Bedi</copyright>
    <atom:link href="/publication_types/" rel="self" type="application/rss+xml" />
    
  </channel>
</rss>
