<?xml version="1.0" encoding="utf-8" standalone="yes" ?>
<rss version="2.0" xmlns:atom="http://www.w3.org/2005/Atom">
  <channel>
    <title>Tags on Sheel Bedi</title>
    <link>http://www.sheelbedi.com/tags/</link>
    <description>Recent content in Tags on Sheel Bedi</description>
    <generator>Hugo -- gohugo.io</generator>
    <language>en-us</language>
    <copyright>&amp;copy; 2016 Sheel Bedi</copyright>
    <lastBuildDate>Sun, 01 Jan 2017 00:00:00 +0000</lastBuildDate>
    <atom:link href="/tags/" rel="self" type="application/rss+xml" />
    
    <item>
      <title>Content tagged as &#39;Academic&#39;</title>
      <link>http://www.sheelbedi.com/tags/academic/</link>
      <pubDate>Sun, 01 Jan 2017 00:00:00 +0000</pubDate>
      
      <guid>http://www.sheelbedi.com/tags/academic/</guid>
      <description>&lt;p&gt;Here is a list of all the content that has been tagged as &lt;em&gt;academic&lt;/em&gt;.&lt;/p&gt;
</description>
    </item>
    
  </channel>
</rss>
